[{"0":"1","idSensor":"1","1":"1","idMedicion":"1","2":"30.4","humedad":"30.4","3":"10.9","salinidad":"10.9","4":"23.02","temperatura":"23.02","5":"1","luminosidad":"1","6":"2021-05-26 08:00:00","fecha":"2021-05-26 08:00:00"},{"0":"1","idSensor":"1","1":"6","idMedicion":"6","2":"30.1","humedad":"30.1","3":"13.2","salinidad":"13.2","4":"19.2","temperatura":"19.2","5":"0","luminosidad":"0","6":"2021-05-27 04:00:00","fecha":"2021-05-27 04:00:00"},{"0":"1","idSensor":"1","1":"5","idMedicion":"5","2":"31.2","humedad":"31.2","3":"12.8","salinidad":"12.8","4":"22.1","temperatura":"22.1","5":"0","luminosidad":"0","6":"2021-05-27 00:00:00","fecha":"2021-05-27 00:00:00"},{"0":"1","idSensor":"1","1":"4","idMedicion":"4","2":"33.2","humedad":"33.2","3":"11.4","salinidad":"11.4","4":"26.2","temperatura":"26.2","5":"1","luminosidad":"1","6":"2021-05-26 20:00:00","fecha":"2021-05-26 20:00:00"},{"0":"1","idSensor":"1","1":"3","idMedicion":"3","2":"31.2","humedad":"31.2","3":"12.4","salinidad":"12.4","4":"28.03","temperatura":"28.03","5":"2","luminosidad":"2","6":"2021-05-26 16:00:00","fecha":"2021-05-26 16:00:00"},{"0":"1","idSensor":"1","1":"2","idMedicion":"2","2":"32.5","humedad":"32.5","3":"13.9","salinidad":"13.9","4":"25.02","temperatura":"25.02","5":"2","luminosidad":"2","6":"2021-05-26 12:00:00","fecha":"2021-05-26 12:00:00"},{"0":"2","idSensor":"2","1":"16","idMedicion":"16","2":"28.9","humedad":"28.9","3":"23.4","salinidad":"23.4","4":"24.5","temperatura":"24.5","5":"0","luminosidad":"0","6":"2021-06-29 18:43:54","fecha":"2021-06-29 18:43:54"},{"0":"2","idSensor":"2","1":"15","idMedicion":"15","2":"26.5","humedad":"26.5","3":"16.2","salinidad":"16.2","4":"24.1","temperatura":"24.1","5":"1","luminosidad":"1","6":"2021-06-29 10:00:00","fecha":"2021-06-29 10:00:00"},{"0":"2","idSensor":"2","1":"14","idMedicion":"14","2":"25.6","humedad":"25.6","3":"12.2","salinidad":"12.2","4":"17.3","temperatura":"17.3","5":"1","luminosidad":"1","6":"2021-06-29 08:00:00","fecha":"2021-06-29 08:00:00"},{"0":"2","idSensor":"2","1":"13","idMedicion":"13","2":"31.2","humedad":"31.2","3":"15.4","salinidad":"15.4","4":"12.54","temperatura":"12.54","5":"2","luminosidad":"2","6":"2021-06-29 06:00:00","fecha":"2021-06-29 06:00:00"},{"0":"2","idSensor":"2","1":"12","idMedicion":"12","2":"25","humedad":"25","3":"26.4","salinidad":"26.4","4":"22.43","temperatura":"22.43","5":"0","luminosidad":"0","6":"2021-06-29 00:00:00","fecha":"2021-06-29 00:00:00"},{"0":"2","idSensor":"2","1":"11","idMedicion":"11","2":"30","humedad":"30","3":"24.4","salinidad":"24.4","4":"24.43","temperatura":"24.43","5":"1","luminosidad":"1","6":"2021-06-28 10:00:00","fecha":"2021-06-28 10:00:00"},{"0":"2","idSensor":"2","1":"10","idMedicion":"10","2":"31.2","humedad":"31.2","3":"31.4","salinidad":"31.4","4":"34.43","temperatura":"34.43","5":"0","luminosidad":"0","6":"2021-06-28 08:00:00","fecha":"2021-06-28 08:00:00"},{"0":"2","idSensor":"2","1":"9","idMedicion":"9","2":"41.2","humedad":"41.2","3":"21.4","salinidad":"21.4","4":"24.43","temperatura":"24.43","5":"1","luminosidad":"1","6":"2021-06-28 06:00:00","fecha":"2021-06-28 06:00:00"},{"0":"2","idSensor":"2","1":"8","idMedicion":"8","2":"35.2","humedad":"35.2","3":"13.4","salinidad":"13.4","4":"22.03","temperatura":"22.03","5":"1","luminosidad":"1","6":"2021-06-28 04:00:00","fecha":"2021-06-28 04:00:00"},{"0":"2","idSensor":"2","1":"7","idMedicion":"7","2":"31.2","humedad":"31.2","3":"17.4","salinidad":"17.4","4":"28.03","temperatura":"28.03","5":"2","luminosidad":"2","6":"2021-06-28 00:00:00","fecha":"2021-06-28 00:00:00"},{"0":"3","idSensor":"3","1":"23","idMedicion":"23","2":"26.7","humedad":"26.7","3":"26.7","salinidad":"26.7","4":"28.4","temperatura":"28.4","5":"1","luminosidad":"1","6":"2021-06-26 06:00:00","fecha":"2021-06-26 06:00:00"},{"0":"3","idSensor":"3","1":"24","idMedicion":"24","2":"23.7","humedad":"23.7","3":"24.9","salinidad":"24.9","4":"30.5","temperatura":"30.5","5":"2","luminosidad":"2","6":"2021-06-26 12:00:00","fecha":"2021-06-26 12:00:00"},{"0":"3","idSensor":"3","1":"25","idMedicion":"25","2":"29.5","humedad":"29.5","3":"27.8","salinidad":"27.8","4":"25.6","temperatura":"25.6","5":"1","luminosidad":"1","6":"2021-06-27 09:00:00","fecha":"2021-06-27 09:00:00"},{"0":"3","idSensor":"3","1":"26","idMedicion":"26","2":"32.4","humedad":"32.4","3":"30.1","salinidad":"30.1","4":"34.6","temperatura":"34.6","5":"2","luminosidad":"2","6":"2021-06-27 14:00:00","fecha":"2021-06-27 14:00:00"},{"0":"3","idSensor":"3","1":"22","idMedicion":"22","2":"23.6","humedad":"23.6","3":"24.7","salinidad":"24.7","4":"25.6","temperatura":"25.6","5":"1","luminosidad":"1","6":"2021-06-26 02:00:00","fecha":"2021-06-26 02:00:00"},{"0":"3","idSensor":"3","1":"21","idMedicion":"21","2":"28.4","humedad":"28.4","3":"28.8","salinidad":"28.8","4":"30","temperatura":"30","5":"1","luminosidad":"1","6":"2021-06-25 18:00:00","fecha":"2021-06-25 18:00:00"},{"0":"3","idSensor":"3","1":"20","idMedicion":"20","2":"23.2","humedad":"23.2","3":"26.4","salinidad":"26.4","4":"32.4","temperatura":"32.4","5":"2","luminosidad":"2","6":"2021-06-25 10:00:00","fecha":"2021-06-25 10:00:00"},{"0":"3","idSensor":"3","1":"19","idMedicion":"19","2":"25.3","humedad":"25.3","3":"23.6","salinidad":"23.6","4":"28.5","temperatura":"28.5","5":"1","luminosidad":"1","6":"2021-06-25 04:00:00","fecha":"2021-06-25 04:00:00"},{"0":"3","idSensor":"3","1":"18","idMedicion":"18","2":"31.4","humedad":"31.4","3":"19.2","salinidad":"19.2","4":"25.3","temperatura":"25.3","5":"1","luminosidad":"1","6":"2021-06-25 02:00:00","fecha":"2021-06-25 02:00:00"},{"0":"3","idSensor":"3","1":"17","idMedicion":"17","2":"29.65","humedad":"29.65","3":"17","salinidad":"17","4":"24.3","temperatura":"24.3","5":"0","luminosidad":"0","6":"2021-06-25 00:00:00","fecha":"2021-06-25 00:00:00"},{"0":"4","idSensor":"4","1":"33","idMedicion":"33","2":"30.4","humedad":"30.4","3":"30.1","salinidad":"30.1","4":"30.7","temperatura":"30.7","5":"3","luminosidad":"3","6":"2021-06-21 18:54:25","fecha":"2021-06-21 18:54:25"},{"0":"4","idSensor":"4","1":"34","idMedicion":"34","2":"28.9","humedad":"28.9","3":"25.3","salinidad":"25.3","4":"27.8","temperatura":"27.8","5":"1","luminosidad":"1","6":"2021-06-22 04:54:25","fecha":"2021-06-22 04:54:25"},{"0":"4","idSensor":"4","1":"35","idMedicion":"35","2":"25.6","humedad":"25.6","3":"28.9","salinidad":"28.9","4":"28.5","temperatura":"28.5","5":"1","luminosidad":"1","6":"2021-06-22 09:54:25","fecha":"2021-06-22 09:54:25"},{"0":"4","idSensor":"4","1":"36","idMedicion":"36","2":"24.7","humedad":"24.7","3":"25.7","salinidad":"25.7","4":"26.2","temperatura":"26.2","5":"1","luminosidad":"1","6":"2021-06-23 01:32:23","fecha":"2021-06-23 01:32:23"},{"0":"4","idSensor":"4","1":"32","idMedicion":"32","2":"34.2","humedad":"34.2","3":"28.4","salinidad":"28.4","4":"32.4","temperatura":"32.4","5":"3","luminosidad":"3","6":"2021-06-21 14:54:25","fecha":"2021-06-21 14:54:25"},{"0":"4","idSensor":"4","1":"31","idMedicion":"31","2":"29.4","humedad":"29.4","3":"25.2","salinidad":"25.2","4":"29.2","temperatura":"29.2","5":"2","luminosidad":"2","6":"2021-06-21 09:54:25","fecha":"2021-06-21 09:54:25"},{"0":"4","idSensor":"4","1":"30","idMedicion":"30","2":"32.4","humedad":"32.4","3":"21.7","salinidad":"21.7","4":"27.4","temperatura":"27.4","5":"1","luminosidad":"1","6":"2021-06-21 05:54:25","fecha":"2021-06-21 05:54:25"},{"0":"4","idSensor":"4","1":"29","idMedicion":"29","2":"35.2","humedad":"35.2","3":"26.7","salinidad":"26.7","4":"30.4","temperatura":"30.4","5":"2","luminosidad":"2","6":"2021-06-21 00:54:25","fecha":"2021-06-21 00:54:25"},{"0":"4","idSensor":"4","1":"28","idMedicion":"28","2":"33.3","humedad":"33.3","3":"25.6","salinidad":"25.6","4":"34.5","temperatura":"34.5","5":"3","luminosidad":"3","6":"2021-06-20 20:54:25","fecha":"2021-06-20 20:54:25"},{"0":"4","idSensor":"4","1":"27","idMedicion":"27","2":"31.2","humedad":"31.2","3":"23.4","salinidad":"23.4","4":"38.03","temperatura":"38.03","5":"3","luminosidad":"3","6":"2021-06-20 18:04:53","fecha":"2021-06-20 18:04:53"},{"0":"5","idSensor":"5","1":"45","idMedicion":"45","2":"28.4","humedad":"28.4","3":"27.2","salinidad":"27.2","4":"33.2","temperatura":"33.2","5":"3","luminosidad":"3","6":"2021-06-20 17:11:41","fecha":"2021-06-20 17:11:41"},{"0":"5","idSensor":"5","1":"44","idMedicion":"44","2":"24.2","humedad":"24.2","3":"29.4","salinidad":"29.4","4":"30.1","temperatura":"30.1","5":"2","luminosidad":"2","6":"2021-06-20 11:11:41","fecha":"2021-06-20 11:11:41"},{"0":"5","idSensor":"5","1":"43","idMedicion":"43","2":"26.4","humedad":"26.4","3":"27.6","salinidad":"27.6","4":"28.4","temperatura":"28.4","5":"1","luminosidad":"1","6":"2021-06-20 02:11:41","fecha":"2021-06-20 02:11:41"},{"0":"5","idSensor":"5","1":"42","idMedicion":"42","2":"28.6","humedad":"28.6","3":"29.2","salinidad":"29.2","4":"30.2","temperatura":"30.2","5":"3","luminosidad":"3","6":"2021-06-19 19:11:41","fecha":"2021-06-19 19:11:41"},{"0":"5","idSensor":"5","1":"41","idMedicion":"41","2":"34.3","humedad":"34.3","3":"32.2","salinidad":"32.2","4":"36.2","temperatura":"36.2","5":"3","luminosidad":"3","6":"2021-06-19 14:11:41","fecha":"2021-06-19 14:11:41"},{"0":"5","idSensor":"5","1":"40","idMedicion":"40","2":"29.4","humedad":"29.4","3":"26.2","salinidad":"26.2","4":"34.2","temperatura":"34.2","5":"2","luminosidad":"2","6":"2021-06-18 20:15:52","fecha":"2021-06-18 20:15:52"},{"0":"5","idSensor":"5","1":"39","idMedicion":"39","2":"25.3","humedad":"25.3","3":"29.3","salinidad":"29.3","4":"31.3","temperatura":"31.3","5":"3","luminosidad":"3","6":"2021-06-18 15:15:52","fecha":"2021-06-18 15:15:52"},{"0":"5","idSensor":"5","1":"38","idMedicion":"38","2":"30.1","humedad":"30.1","3":"26.4","salinidad":"26.4","4":"27.3","temperatura":"27.3","5":"1","luminosidad":"1","6":"2021-06-18 07:15:52","fecha":"2021-06-18 07:15:52"},{"0":"5","idSensor":"5","1":"37","idMedicion":"37","2":"29.1","humedad":"29.1","3":"27.4","salinidad":"27.4","4":"29.3","temperatura":"29.3","5":"1","luminosidad":"1","6":"2021-06-18 01:32:23","fecha":"2021-06-18 01:32:23"},{"0":"5","idSensor":"5","1":"46","idMedicion":"46","2":"25.1","humedad":"25.1","3":"29.1","salinidad":"29.1","4":"31.3","temperatura":"31.3","5":"3","luminosidad":"3","6":"2021-06-20 20:36:43","fecha":"2021-06-20 20:36:43"}]