[{"0":"4","idSensor":"4","1":"27","idMedicion":"27","2":"31.2","humedad":"31.2","3":"23.4","salinidad":"23.4","4":"38.03","temperatura":"38.03","5":"3","luminosidad":"3","6":"2021-06-20 18:04:53","fecha":"2021-06-20 18:04:53"},{"0":"4","idSensor":"4","1":"35","idMedicion":"35","2":"25.6","humedad":"25.6","3":"28.9","salinidad":"28.9","4":"28.5","temperatura":"28.5","5":"1","luminosidad":"1","6":"2021-06-22 09:54:25","fecha":"2021-06-22 09:54:25"},{"0":"4","idSensor":"4","1":"34","idMedicion":"34","2":"28.9","humedad":"28.9","3":"25.3","salinidad":"25.3","4":"27.8","temperatura":"27.8","5":"1","luminosidad":"1","6":"2021-06-22 04:54:25","fecha":"2021-06-22 04:54:25"},{"0":"4","idSensor":"4","1":"33","idMedicion":"33","2":"30.4","humedad":"30.4","3":"30.1","salinidad":"30.1","4":"30.7","temperatura":"30.7","5":"3","luminosidad":"3","6":"2021-06-21 18:54:25","fecha":"2021-06-21 18:54:25"},{"0":"4","idSensor":"4","1":"32","idMedicion":"32","2":"34.2","humedad":"34.2","3":"28.4","salinidad":"28.4","4":"32.4","temperatura":"32.4","5":"3","luminosidad":"3","6":"2021-06-21 14:54:25","fecha":"2021-06-21 14:54:25"},{"0":"4","idSensor":"4","1":"31","idMedicion":"31","2":"29.4","humedad":"29.4","3":"25.2","salinidad":"25.2","4":"29.2","temperatura":"29.2","5":"2","luminosidad":"2","6":"2021-06-21 09:54:25","fecha":"2021-06-21 09:54:25"},{"0":"4","idSensor":"4","1":"30","idMedicion":"30","2":"32.4","humedad":"32.4","3":"21.7","salinidad":"21.7","4":"27.4","temperatura":"27.4","5":"1","luminosidad":"1","6":"2021-06-21 05:54:25","fecha":"2021-06-21 05:54:25"},{"0":"4","idSensor":"4","1":"29","idMedicion":"29","2":"35.2","humedad":"35.2","3":"26.7","salinidad":"26.7","4":"30.4","temperatura":"30.4","5":"2","luminosidad":"2","6":"2021-06-21 00:54:25","fecha":"2021-06-21 00:54:25"},{"0":"4","idSensor":"4","1":"28","idMedicion":"28","2":"33.3","humedad":"33.3","3":"25.6","salinidad":"25.6","4":"34.5","temperatura":"34.5","5":"3","luminosidad":"3","6":"2021-06-20 20:54:25","fecha":"2021-06-20 20:54:25"},{"0":"5","idSensor":"5","1":"45","idMedicion":"45","2":"28.4","humedad":"28.4","3":"27.2","salinidad":"27.2","4":"33.2","temperatura":"33.2","5":"3","luminosidad":"3","6":"2021-06-20 17:11:41","fecha":"2021-06-20 17:11:41"},{"0":"5","idSensor":"5","1":"44","idMedicion":"44","2":"24.2","humedad":"24.2","3":"29.4","salinidad":"29.4","4":"30.1","temperatura":"30.1","5":"2","luminosidad":"2","6":"2021-06-20 11:11:41","fecha":"2021-06-20 11:11:41"},{"0":"5","idSensor":"5","1":"43","idMedicion":"43","2":"26.4","humedad":"26.4","3":"27.6","salinidad":"27.6","4":"28.4","temperatura":"28.4","5":"1","luminosidad":"1","6":"2021-06-20 02:11:41","fecha":"2021-06-20 02:11:41"},{"0":"5","idSensor":"5","1":"42","idMedicion":"42","2":"28.6","humedad":"28.6","3":"29.2","salinidad":"29.2","4":"30.2","temperatura":"30.2","5":"3","luminosidad":"3","6":"2021-06-19 19:11:41","fecha":"2021-06-19 19:11:41"},{"0":"5","idSensor":"5","1":"41","idMedicion":"41","2":"34.3","humedad":"34.3","3":"32.2","salinidad":"32.2","4":"36.2","temperatura":"36.2","5":"3","luminosidad":"3","6":"2021-06-19 14:11:41","fecha":"2021-06-19 14:11:41"},{"0":"5","idSensor":"5","1":"40","idMedicion":"40","2":"29.4","humedad":"29.4","3":"26.2","salinidad":"26.2","4":"34.2","temperatura":"34.2","5":"2","luminosidad":"2","6":"2021-06-18 20:15:52","fecha":"2021-06-18 20:15:52"},{"0":"5","idSensor":"5","1":"39","idMedicion":"39","2":"25.3","humedad":"25.3","3":"29.3","salinidad":"29.3","4":"31.3","temperatura":"31.3","5":"3","luminosidad":"3","6":"2021-06-18 15:15:52","fecha":"2021-06-18 15:15:52"},{"0":"5","idSensor":"5","1":"38","idMedicion":"38","2":"30.1","humedad":"30.1","3":"26.4","salinidad":"26.4","4":"27.3","temperatura":"27.3","5":"1","luminosidad":"1","6":"2021-06-18 07:15:52","fecha":"2021-06-18 07:15:52"},{"0":"5","idSensor":"5","1":"37","idMedicion":"37","2":"29.1","humedad":"29.1","3":"27.4","salinidad":"27.4","4":"29.3","temperatura":"29.3","5":"1","luminosidad":"1","6":"2021-06-18 01:32:23","fecha":"2021-06-18 01:32:23"},{"0":"5","idSensor":"5","1":"46","idMedicion":"46","2":"25.1","humedad":"25.1","3":"29.1","salinidad":"29.1","4":"31.3","temperatura":"31.3","5":"3","luminosidad":"3","6":"2021-06-20 20:36:43","fecha":"2021-06-20 20:36:43"}]